{
  "vitest.config.ts": 1776877951.3666296,
  "eslint.config.mjs": 1776878056.5609066,
  "libs/claude-runner/src/stream-parser.test.ts": 1776877990.8692205,
  "libs/claude-runner/src/index.ts": 1776868274.6311588,
  "libs/claude-runner/src/stream-parser.ts": 1776868253.5353384,
  "libs/claude-runner/src/run.ts": 1776868270.4449968,
  "libs/shared-types/src/schemas.ts": 1776872743.3578944,
  "libs/shared-types/src/ipc.ts": 1776872934.253126,
  "libs/shared-types/src/index.ts": 1776865247.9812536,
  "libs/github/src/index.ts": 1776879986.0604873,
  "libs/ai-refiner/src/refine.ts": 1776878096.3726637,
  "libs/ai-refiner/src/index.ts": 1776871758.2325184,
  "libs/ai-refiner/src/repo-context.ts": 1776865112.682925,
  "libs/ai-refiner/src/advise.ts": 1776871752.6618862,
  "libs/orchestrator/src/slug.ts": 1776868366.8004987,
  "libs/orchestrator/src/worktree.ts": 1776872026.5954762,
  "libs/orchestrator/src/run-plan.ts": 1776871404.6614542,
  "libs/orchestrator/src/slug.test.ts": 1776877975.2639966,
  "libs/orchestrator/src/dag.test.ts": 1776878007.833246,
  "libs/orchestrator/src/dag.ts": 1776871385.8835058,
  "libs/orchestrator/src/index.ts": 1776871414.037322,
  "libs/orchestrator/src/execute-story.ts": 1776880024.7224808,
  "apps/desktop/vite.main.config.ts": 1776873032.4775372,
  "apps/desktop/vite.preload.config.ts": 1776863638.5267775,
  "apps/desktop/vite.renderer.config.ts": 1776863643.443605,
  "apps/desktop/dist-renderer/assets/index-C7xtax59.js": 1776879550.3160362,
  "apps/desktop/src/renderer/App.tsx": 1776872981.4224863,
  "apps/desktop/src/renderer/main.tsx": 1776863620.157981,
  "apps/desktop/src/renderer/global.d.ts": 1776864970.0701575,
  "apps/desktop/src/main/state-store.ts": 1776872942.7965634,
  "apps/desktop/src/main/index.ts": 1776872958.464552,
  "apps/desktop/src/preload/index.ts": 1776872970.1411145,
  "apps/desktop/dist-renderer/index.html": 1776879550.3165002,
  "apps/desktop/src/renderer/index.html": 1776863616.1939104
}